Omschrijving,Deelgemeente
Fietstrommel,Delfshaven
Fietstrommel,Centrum
Fietstrommel,Noord
Fietstrommel,Noord
Fietstrommel,Noord
Fietstrommel,Noord
Fietstrommel,Noord
Fietstrommel,Centrum
Fietstrommel,Centrum
Fietstrommel,Centrum
Fietstrommel,Feijenoord
Fietstrommel,Centrum
Fietstrommel,Centrum
Fietstrommel,Centrum
Fietstrommel,Centrum
Fietstrommel,Hillegersberg
Fietstrommel,Overschie
Fietstrommel,Overschie
Fietstrommel,Delfshaven
Fietstrommel,Delfshaven
Fietstrommel,Delfshaven
Fietstrommel,Delfshaven
Fietstrommel,Delfshaven
Fietstrommel,Delfshaven
Fietstrommel,Delfshaven
Fietstrommel,Delfshaven
Fietstrommel,Delfshaven
Fietstrommel,Delfshaven
Fietstrommel,Delfshaven
Fietstrommel,Delfshaven
Fietstrommel,Delfshaven
Fietstrommel,Delfshaven
Fietstrommel,Delfshaven
Fietstrommel,Noord
Fietstrommel,Delfshaven
Fietstrommel,Noord
Fietstrommel,Noord
Fietstrommel,Noord
Fietstrommel,Noord
Fietstrommel,Noord
Fietstrommel,Noord
Fietstrommel,Noord
Fietstrommel,Feijenoord
Fietstrommel,Feijenoord
Fietstrommel,Feijenoord
Fietstrommel,Delfshaven
Fietstrommel,Feijenoord
Fietstrommel,Feijenoord
Fietstrommel,Feijenoord
Fietstrommel,Feijenoord
Fietstrommel,Feijenoord
Fietstrommel,Centrum
Fietstrommel,Centrum
Fietstrommel,Kralingen/Crooswijk
Fietstrommel,Kralingen/Crooswijk
Fietstrommel,Kralingen/Crooswijk
Fietstrommel,Delfshaven
Fietstrommel,Kralingen/Crooswijk
Fietstrommel,Kralingen/Crooswijk
Fietstrommel,Charlois
Fietstrommel,Charlois
Fietstrommel,Centrum
Fietstrommel,Centrum
Fietstrommel,Centrum
Fietstrommel,Centrum
Fietstrommel,Centrum
Fietstrommel,Centrum
Fietstrommel,Delfshaven
Fietstrommel,Centrum
Fietstrommel,Centrum
Fietstrommel,Noord
Fietstrommel,Centrum
Fietstrommel,Centrum
Fietstrommel,Centrum
Fietstrommel,Overschie
Fietstrommel,Centrum
Fietstrommel,Centrum
Fietstrommel,Centrum
Fietstrommel,Delfshaven
Fietstrommel,Centrum
Fietstrommel,Centrum
Fietstrommel,Centrum
Fietstrommel,Kralingen/Crooswijk
Fietstrommel,Kralingen/Crooswijk
Fietstrommel,Kralingen/Crooswijk
Fietstrommel,Kralingen/Crooswijk
Fietstrommel,Charlois
Fietstrommel,Charlois
Fietstrommel,Charlois
Fietstrommel,Feijenoord
Fietstrommel,Feijenoord
Fietstrommel,Feijenoord
Fietstrommel,Feijenoord
Fietstrommel,Feijenoord
Fietstrommel,Feijenoord
Fietstrommel,Feijenoord
Fietstrommel,Feijenoord
Fietstrommel,Feijenoord
Fietstrommel,Centrum
Fietstrommel,Centrum
Fietstrommel,Feijenoord
Fietstrommel,Centrum
Fietstrommel,Centrum
Fietstrommel,Centrum
Fietstrommel,Centrum
Fietstrommel,Centrum
Fietstrommel,Noord
Fietstrommel,Noord
Fietstrommel,Noord
Fietstrommel,Noord
Fietstrommel,Noord
Fietstrommel,Delfshaven
Fietstrommel,Feijenoord
Fietstrommel,Noord
Fietstrommel,Noord
Fietstrommel,Noord
Fietstrommel,Noord
Fietstrommel,Noord
Fietstrommel,Noord
Fietstrommel,Noord
Fietstrommel,Noord
Fietstrommel,Noord
Fietstrommel,Noord
Fietstrommel,Noord
Fietstrommel,Noord
Fietstrommel,Noord
Fietstrommel,Noord
Fietstrommel,Noord
Fietstrommel,Noord
Fietstrommel,Noord
Fietstrommel,Noord
Fietstrommel,Noord
Fietstrommel,Noord
Fietstrommel,Noord
Fietstrommel,Kralingen/Crooswijk
Fietstrommel,Noord
Fietstrommel,Noord
Fietstrommel,Noord
Fietstrommel,Noord
Fietstrommel,Centrum
Fietstrommel,Centrum
Fietstrommel,Kralingen/Crooswijk
Fietstrommel,Kralingen/Crooswijk
Fietstrommel,Charlois
Fietstrommel,Charlois
Fietstrommel,Kralingen/Crooswijk
Fietstrommel,Feijenoord
Fietstrommel,Feijenoord
Fietstrommel,Feijenoord
Fietstrommel,Charlois
Fietstrommel,Charlois
Fietstrommel,Overschie
Fietstrommel,Overschie
Fietstrommel,Overschie
Fietstrommel,Overschie
Fietstrommel,Overschie
Fietstrommel,Kralingen/Crooswijk
Fietstrommel,Overschie
Fietstrommel,Overschie
Fietstrommel,Overschie
Fietstrommel,Overschie
Fietstrommel,Overschie
Fietstrommel,Overschie
Fietstrommel,Overschie
Fietstrommel,Overschie
Fietstrommel,Overschie
Fietstrommel,Overschie
Fietstrommel,Centrum
Fietstrommel,Overschie  
Fietstrommel,Noord
Fietstrommel,Noord
Fietstrommel,Noord
Fietstrommel,Noord
Fietstrommel,Noord
Fietstrommel,Noord
Fietstrommel,Noord
Fietstrommel,Noord
Fietstrommel,Noord
Fietstrommel,Centrum
Fietstrommel,Noord
Fietstrommel,Noord
Fietstrommel,Noord
Fietstrommel,Noord
Fietstrommel,Noord
Fietstrommel,Noord
Fietstrommel,Noord
Fietstrommel,Noord
Fietstrommel,Noord
Fietstrommel,Noord
Fietstrommel,Centrum
Fietstrommel,Noord
Fietstrommel,Noord
Fietstrommel,Noord
Fietstrommel,Noord
Fietstrommel,Noord
Fietstrommel,Noord
Fietstrommel,Noord
Fietstrommel,Noord
Fietstrommel,Noord
Fietstrommel,Noord
Fietstrommel,Centrum
Fietstrommel,Noord
Fietstrommel,Noord
Fietstrommel,Noord
Fietstrommel,Noord
Fietstrommel,Noord
Fietstrommel,Noord
Fietstrommel,Noord
Fietstrommel,Noord
Fietstrommel,Noord
Fietstrommel,Noord
Fietstrommel,Centrum
Fietstrommel,Noord
Fietstrommel,Noord
Fietstrommel,Noord
Fietstrommel,Noord
Fietstrommel,Noord
Fietstrommel,Noord
Fietstrommel,Noord
Fietstrommel,Noord
Fietstrommel,Noord
Fietstrommel,Noord
Fietstrommel,Delfshaven
Fietstrommel,Centrum
Fietstrommel,Noord
Fietstrommel,Noord
Fietstrommel,Noord
Fietstrommel,Noord
Fietstrommel,Noord
Fietstrommel,Noord
Fietstrommel,Noord
Fietstrommel,Noord
Fietstrommel,Noord
Fietstrommel,Noord
Fietstrommel,Centrum
Fietstrommel,Noord
Fietstrommel,Noord
Fietstrommel,Noord
Fietstrommel,Noord
Fietstrommel,Noord
Fietstrommel,Noord
Fietstrommel,Noord
Fietstrommel,Noord
Fietstrommel,Noord
Fietstrommel,Noord
Fietstrommel,Centrum
Fietstrommel,Kralingen/Crooswijk
Fietstrommel,Kralingen/Crooswijk
Fietstrommel,Kralingen/Crooswijk
Fietstrommel,Kralingen/Crooswijk
Fietstrommel,Kralingen/Crooswijk
Fietstrommel,Kralingen/Crooswijk
Fietstrommel,Kralingen/Crooswijk
Fietstrommel,Kralingen/Crooswijk
Fietstrommel,Kralingen/Crooswijk
Fietstrommel,Kralingen/Crooswijk
Fietstrommel,Kralingen/Crooswijk
Fietstrommel,Kralingen/Crooswijk
Fietstrommel,Kralingen/Crooswijk
Fietstrommel,Kralingen/Crooswijk
Fietstrommel,Kralingen/Crooswijk
Fietstrommel,Kralingen/Crooswijk
Fietstrommel,Centrum
Fietstrommel,Centrum
Fietstrommel,Centrum
Fietstrommel,Centrum
Fietstrommel,Centrum
Fietstrommel,Noord
Fietstrommel,Centrum
Fietstrommel,Centrum
Fietstrommel,Centrum
Fietstrommel,Hillegersberg
Fietstrommel,Centrum
Fietstrommel,Centrum
Fietstrommel,Centrum
Fietstrommel,Centrum
Fietstrommel,Centrum
Fietstrommel,Charlois
Fietstrommel,Noord
Fietstrommel,Charlois
Fietstrommel,Centrum
Fietstrommel,Centrum
Fietstrommel,Centrum
Fietstrommel,Centrum
Fietstrommel,Centrum
Fietstrommel,Centrum
Fietstrommel,Centrum
Fietstrommel,Centrum
Fietstrommel,Feijenoord
Fietstrommel,Noord
Fietstrommel,Feijenoord
Fietstrommel,Feijenoord
Fietstrommel,Feijenoord
Fietstrommel,Feijenoord
Fietstrommel,Feijenoord
Fietstrommel,Feijenoord
Fietstrommel,Feijenoord
Fietstrommel,Feijenoord
Fietstrommel,Feijenoord
Fietstrommel,Feijenoord
Fietstrommel,Delfshaven
Fietstrommel,Feijenoord
Fietstrommel,Feijenoord
Fietstrommel,Feijenoord
Fietstrommel,Feijenoord
Fietstrommel,Feijenoord
Fietstrommel,Feijenoord
Fietstrommel,Feijenoord
Fietstrommel,Feijenoord
Fietstrommel,Feijenoord
Fietstrommel,Feijenoord
Fietstrommel,Delfshaven
Fietstrommel,Feijenoord
Fietstrommel,Feijenoord
Fietstrommel,Feijenoord
Fietstrommel,Feijenoord
Fietstrommel,Feijenoord
Fietstrommel,Feijenoord
Fietstrommel,Feijenoord
Fietstrommel,Feijenoord
Fietstrommel,Feijenoord
Fietstrommel,Feijenoord
Fietstrommel,Delfshaven
Fietstrommel,Feijenoord
Fietstrommel,Charlois
Fietstrommel,Charlois
Fietstrommel,Charlois
Fietstrommel,Charlois
Fietstrommel,Charlois
Fietstrommel,Charlois
Fietstrommel,Charlois
Fietstrommel,Omoord
Fietstrommel,Overschie
Fietstrommel,Delfshaven
Fietstrommel,Delfshaven
Fietstrommel,Feijenoord
Fietstrommel,Kralingen/Crooswijk
Fietstrommel,Kralingen/Crooswijk
Fietstrommel,Kralingen/Crooswijk
Fietstrommel,Kralingen/Crooswijk
Fietstrommel,Kralingen/Crooswijk
Fietstrommel,Kralingen/Crooswijk
Fietstrommel,Kralingen/Crooswijk
Fietstrommel,Kralingen/Crooswijk
Fietstrommel,Noord
Fietstrommel,Delfshaven
Fietstrommel,Kralingen/Crooswijk
Fietstrommel,Charlois
Fietstrommel,Charlois
Fietstrommel,Kralingen/Crooswijk
Fietstrommel,Kralingen/Crooswijk
Fietstrommel,Noord
Fietstrommel,Noord
Fietstrommel,Charlois
Fietstrommel,Charlois
Fietstrommel,Charlois
Fietstrommel,Delfshaven
Fietstrommel,Noord
Fietstrommel,Noord
Fietstrommel,Noord
Fietstrommel,Noord
Fietstrommel,Overschie
Fietstrommel,Hillegersberg
Fietstrommel,Hillegersberg
Fietstrommel,Noord
Fietstrommel,Feijenoord
Fietstrommel,Pernis
Fietstrommel,Delfshaven
Fietstrommel,Pernis
Fietstrommel,Noord
Fietstrommel,Noord
Fietstrommel,Noord
Fietstrommel,Noord
Fietstrommel,Noord
Fietstrommel,Noord
Fietstrommel,Noord
Fietstrommel,Noord
Fietstrommel,Feijenoord
Fietstrommel,Delfshaven
Fietstrommel,Delfshaven
Fietstrommel,Delfshaven
Fietstrommel,Feijenoord
Fietstrommel,Charlois
Fietstrommel,Noord
Fietstrommel,IJsselmonde
Fietstrommel,Noord
Fietstrommel,Noord
Fietstrommel,Noord
Fietstrommel,Noord
Fietstrommel,Delfshaven
Fietstrommel,Hillegersberg
Fietstrommel,Charlois
Fietstrommel,Delfshaven
Fietstrommel,Delfshaven
Fietstrommel,Delfshaven
Fietstrommel,Kralingen/Crooswijk
Fietstrommel,Overschie
Fietstrommel,Noord
Fietstrommel,Noord
Fietstrommel,Hillegersberg
Fietstrommel,Delfshaven
Fietstrommel,Delfshaven
Fietstrommel,Delfshaven
Fietstrommel,Centrum
Fietstrommel,Centrum
Fietstrommel,Centrum
Fietstrommel,Centrum
Fietstrommel,Charlois
Fietstrommel,Charlois
Fietstrommel,Noord
Fietstrommel,Noord
Fietstrommel,Feijenoord
Fietstrommel,Feijenoord
Fietstrommel,Feijenoord
Fietstrommel,Centrum
Fietstrommel,Centrum
Fietstrommel,Centrum
Fietstrommel,Centrum
Fietstrommel,Centrum
Fietstrommel,Centrum
Fietstrommel,Noord
Fietstrommel,Noord
Fietstrommel,Feijenoord
Fietstrommel,Noord
Fietstrommel,Noord
Fietstrommel,Noord
Fietstrommel,Charlois
Fietstrommel,Delfshaven
Fietstrommel,Hillegersberg
Fietstrommel,Feijenoord
Fietstrommel,Feijenoord
Fietstrommel,Feijenoord
Fietstrommel,Feijenoord
Fietstrommel,Kralingen/Crooswijk
Fietstrommel,Feijenoord
Fietstrommel,Feijenoord
Fietstrommel,Charlois
Fietstrommel,Charlois
Fietstrommel,Charlois
Fietstrommel,Charlois
Fietstrommel,Overschie
Fietstrommel,Overschie
Fietstrommel,Delfshaven
Fietstrommel,Delfshaven
Fietstrommel,Delfshaven
Fietstrommel,Kralingen/Crooswijk
Fietstrommel,Delfshaven
Fietstrommel,Delfshaven
Fietstrommel,Delfshaven
Fietstrommel,Delfshaven
Fietstrommel,Delfshaven
Fietstrommel,Delfshaven
Fietstrommel,Delfshaven
Fietstrommel,Delfshaven
Fietstrommel,Delfshaven
Fietstrommel,Delfshaven
Fietstrommel,Hillegersberg
Fietstrommel,Delfshaven
Fietstrommel,Delfshaven
Fietstrommel,Delfshaven
Fietstrommel,Noord
Fietstrommel,Noord
Fietstrommel,Noord
Fietstrommel,Noord
Fietstrommel,Noord
Fietstrommel,Noord
Fietstrommel,Noord
Fietstrommel,Hillegersberg
Fietstrommel,Noord
Fietstrommel,Noord
Fietstrommel,Noord
Fietstrommel,Noord
Fietstrommel,Noord
Fietstrommel,Noord
Fietstrommel,Noord
Fietstrommel,Noord
Fietstrommel,Noord
Fietstrommel,Noord
Fietstrommel,Centrum
Fietstrommel,Noord
Fietstrommel,Noord
Fietstrommel,Noord
Fietstrommel,Noord
Fietstrommel,Noord
Fietstrommel,Noord
Fietstrommel,Noord
Fietstrommel,Noord
Fietstrommel,Noord
Fietstrommel,Noord
Fietstrommel,Centrum
Fietstrommel,Delfshaven
Fietstrommel,Noord
Fietstrommel,West
Fietstrommel,West
Fietstrommel,Centrum
Fietstrommel,Centrum
Fietstrommel,Delfshaven
Fietstrommel,Delfshaven
Fietstrommel,Delfshaven
Fietstrommel,Delfshaven
Fietstrommel,Centrum
Fietstrommel,Delfshaven
Fietstrommel,Delfshaven
Fietstrommel,Noord
Fietstrommel,Centrum
Fietstrommel,Noord
Fietstrommel,Noord
Fietstrommel,Delfshaven
Fietstrommel,Noord
Fietstrommel,Delfshaven
Fietstrommel,Delfshaven
Fietstrommel,Centrum
Fietstrommel,Delfshaven
Fietstrommel,Delfshaven
Fietstrommel,Delfshaven
Fietstrommel,Delfshaven
Fietstrommel,Delfshaven
Fietstrommel,Delfshaven
Fietstrommel,Delfshaven
Fietstrommel,Delfshaven
Fietstrommel,Delfshaven
Fietstrommel,Delfshaven
Fietstrommel,Overschie
Fietstrommel,Delfshaven
Fietstrommel,Delfshaven
Fietstrommel,Delfshaven
Fietstrommel,Delfshaven
Fietstrommel,Delfshaven
Fietstrommel,Delfshaven
Fietstrommel,Delfshaven
Fietstrommel,Delfshaven
Fietstrommel,Delfshaven
Fietstrommel,Delfshaven
Fietstrommel,Charlois
Fietstrommel,Delfshaven
Fietstrommel,Delfshaven
Fietstrommel,Delfshaven
Fietstrommel,Noord
Fietstrommel,Noord
Fietstrommel,Noord
Fietstrommel,Noord
Fietstrommel,Noord
Fietstrommel,Noord
Fietstrommel,Noord
Fietstrommel,Charlois
Fietstrommel,Noord
Fietstrommel,Noord
Fietstrommel,Noord
Fietstrommel,Noord
Fietstrommel,Delfshaven
Fietstrommel,Delfshaven
Fietstrommel,Delfshaven
Fietstrommel,Overschie
Fietstrommel,Centrum
Fietstrommel,Centrum
Fietstrommel,Noord
Fietstrommel,Hoogvliet
Fietstrommel,Charlois
Fietstrommel,Overschie
Fietstrommel,Delfshaven
Fietstrommel,Delfshaven
Fietstrommel,Delfshaven
Fietstrommel,Delfshaven
Fietstrommel,Delfshaven
Fietstrommel,Delfshaven
Fietstrommel,Delfshaven
Fietstrommel,Noord
Fietstrommel,Delfshaven
Fietstrommel,Delfshaven
Fietstrommel,Delfshaven
Fietstrommel,Delfshaven
Fietstrommel,Delfshaven
Fietstrommel,Delfshaven
Fietstrommel,Delfshaven
Fietstrommel,Delfshaven
Fietstrommel,Delfshaven
Fietstrommel,Delfshaven
Fietstrommel,Noord
Fietstrommel,Delfshaven
Fietstrommel,Delfshaven
Fietstrommel,Centrum
Fietstrommel,Noord
Fietstrommel,Centrum
Fietstrommel,Noord
Fietstrommel,Noord
Fietstrommels,Noord
Fietstrommel,Noord
Fietstrommel,Delfshaven
Fietstrommel,Noord
Fietstrommel,Noord
Fietstrommel,Noord
Fietstrommel,Noord
Fietstrommel,Noord
Fietstrommel,Delfshaven
Fietstrommel,Noord
Fietstrommel,Delfshaven
Fietstrommel,Delfshaven
Fietstrommel,Delfshaven
Fietstrommels,Noord
Fietstrommel,Noord
Fietstrommel,Noord
Fietstrommel,Overschie
Fietstrommel,Kralingen/Crooswijk
Fietstrommel,Kralingen/Crooswijk
Fietstrommel,Kralingen/Crooswijk
Fietstrommel,Delfshaven
Fietstrommel,Kralingen/Crooswijk
Fietstrommel,Kralingen/Crooswijk
Fietstrommel,Delfshaven
Fietstrommel,Delfshaven
Fietstrommel,Kralingen/Crooswijk
Fietstrommel,Delfshaven
Fietstrommel,Delfshaven
Fietstrommel,Delfshaven
Fietstrommel,Delfshaven
Fietstrommel,Charlois
Fietsentrommel,Delfshaven
Fietstrommel,Noord
Fietstrommel,Noord
Fietstrommel,Kralingen/Crooswijk
Fietstrommel,Kralingen/Crooswijk
Fietstrommel,Hillegersberg
Fietstrommel,Hillegersberg
Fietstrommel,Centrum
Fietstrommel,Centrum
Fietstrommel,Charlois
Fietstrommel,Charlois
Fietstrommel,Charlois
Fietstrommel,Charlois
Fietstrommel,Charlois
Fietstrommel,Charlois
Fietstrommel,Kralingen/Crooswijk
Fietstrommel,Delfshaven
Fietstrommel,Delfshaven
Fietstrommel,Delfshaven
Fietstrommel,Delfshaven
Fietstrommel,Delfshaven
Fietstrommel,Delfshaven
Fietstrommel,Delfshaven
Fietstrommel,Delfshaven
Fietstrommel,Charlois
Fietstrommel,Delfshaven
Fietstrommel,Kralingen/Crooswijk
Fietstrommel,Delfshaven
Fietstrommel,Delfshaven
Fietstrommel,Delfshaven
Fietstrommel,Feijenoord
Fietstrommel,Feijenoord
Fietstrommel,Noord
Fietstrommel,Noord
Fietstrommel,Noord
Fietstrommel,Noord
Fietstrommel,Feijenoord
Fietstrommel,Kralingen/Crooswijk
Fietstrommel,Delfshaven
Fietstrommel,Kralingen/Crooswijk
Fietstrommel,Noord
Fietstrommel,Noord
Fietstrommel,Noord
Fietstrommel,Hillegersberg
Fietstrommel,Hillegersberg
Fietstrommel,Delfshaven
Fietstrommel,Delfshaven
Fietstrommel,Delfshaven
Fietstrommel,Noord
Fietstrommel,Delfshaven
Fietstrommel,Delfshaven
Fietstrommel,Delfshaven
Fietstrommel,Delfshaven
Fietstrommel,Delfshaven
Fietstrommel,Delfshaven
Fietstrommel,Noord
Fietstrommel,Delfshaven
Fietstrommel,Delfshaven
Fietstrommel,Delfshaven
Fietstrommel,Delfshaven
Fietstrommel,Delfshaven
Fietstrommel,Delfshaven
Fietstrommel,Delfshaven
Fietstrommel,Delfshaven
Fietstrommel,Delfshaven
Fietstrommel,Noord
Fietstrommel,Delfshaven
Fietstrommel,Delfshaven
Fietstrommel,Delfshaven
Fietstrommel,Delfshaven
Fietstrommel,Delfshaven
Fietstrommel,Delfshaven
Fietstrommel,Delfshaven
Fietstrommel,Delfshaven
Fietstrommel,Delfshaven
Fietstrommel,Delfshaven
Fietstrommel,Noord
Fietstrommel,Delfshaven
Fietstrommel,Delfshaven
Fietstrommel,Feijenoord
Fietstrommel,Feijenoord
Fietstrommel,Feijenoord
Fietstrommel,Feijenoord
Fietstrommel,Feijenoord
Fietstrommel,Hillegersberg
Fietstrommel,Feijenoord
Fietstrommel,Noord